{"stats":{"minecraft:broken":{"minecraft:wooden_sword":1},"minecraft:picked_up":{"minecraft:birch_log":3,"minecraft:crafting_table":4,"minecraft:coarse_dirt":3,"minecraft:feather":6,"minecraft:chicken":6,"minecraft:flint":1,"minecraft:oak_log":4,"minecraft:gunpowder":2,"minecraft:stripped_birch_log":1,"minecraft:dirt":52,"minecraft:string":6,"minecraft:bone":9,"blockus:marble":1,"minecraft:wheat_seeds":8,"fishofthieves:earthworms":9,"minecraft:furnace":2,"minecraft:stick":1,"minecraft:torch":3,"minecraft:gravel":13,"minecraft:porkchop":3,"minecraft:spruce_sapling":2,"minecraft:diorite":5,"minecraft:spruce_log":3,"minecraft:spider_eye":1,"minecraft:arrow":9,"minecraft:rotten_flesh":11,"minecraft:mangrove_roots":1,"minecraft:rooted_dirt":2,"minecraft:coal":16,"minecraft:cobblestone":18},"minecraft:crafted":{"minecraft:oak_planks":16,"minecraft:cooked_porkchop":3,"minecraft:crafting_table":1,"minecraft:spruce_planks":12,"minecraft:wooden_pickaxe":1,"minecraft:cooked_chicken":6,"minecraft:furnace":1,"minecraft:birch_planks":16,"minecraft:stone_axe":1,"minecraft:air":0,"minecraft:white_wool":1,"minecraft:stick":24,"minecraft:wooden_axe":1,"minecraft:torch":24},"minecraft:custom":{"minecraft:interact_with_furnace":10,"minecraft:mob_kills":29,"minecraft:interact_with_crafting_table":5,"minecraft:time_since_death":33970,"minecraft:time_since_rest":33991,"minecraft:sprint_one_cm":103771,"minecraft:damage_taken":1045,"minecraft:walk_one_cm":69186,"minecraft:damage_blocked_by_shield":825,"minecraft:drop":18,"minecraft:damage_dealt":4509,"minecraft:swim_one_cm":8964,"minecraft:talked_to_villager":2,"minecraft:fly_one_cm":193477,"minecraft:crouch_one_cm":4601,"minecraft:play_time":80574,"minecraft:deaths":1,"minecraft:sneak_time":2129,"minecraft:walk_under_water_one_cm":6944,"minecraft:jump":1062,"minecraft:walk_on_water_one_cm":6584,"minecraft:total_world_time":80574,"minecraft:fall_one_cm":25338},"minecraft:dropped":{"minecraft:wheat_seeds":8,"minecraft:rotten_flesh":9,"minecraft:rooted_dirt":2,"fishofthieves:earthworms":2,"minecraft:spruce_planks":1,"minecraft:spruce_sapling":2},"minecraft:used":{"minecraft:diorite":5,"minecraft:wooden_pickaxe":47,"minecraft:spruce_planks":3,"minecraft:shield":41,"minecraft:cooked_chicken":6,"minecraft:rotten_flesh":1,"minecraft:torch":23,"fishofthieves:earthworms":7,"minecraft:dirt":41,"minecraft:crafting_table":4,"minecraft:wooden_axe":33,"minecraft:bread":9,"adorn:guide_book":1,"minecraft:gravel":11,"minecraft:wooden_sword":60,"minecraft:cobblestone":1,"minecraft:mangrove_roots":1,"minecraft:furnace":2,"minecraft:cooked_porkchop":1,"blockus:marble":1,"minecraft:coarse_dirt":3},"minecraft:killed":{"minecraft:husk":1,"minecraft:pig":2,"naturalist:bear":1,"minecraft:spider":3,"minecraft:creeper":1,"minecraft:skeleton":5,"minecraft:zombie":7,"minecraft:chicken":6,"minecraft:stray":3},"minecraft:mined":{"minecraft:stripped_birch_log":1,"minecraft:mangrove_roots":1,"minecraft:crafting_table":4,"minecraft:torch":1,"minecraft:grass_block":14,"blockus:marble":1,"minecraft:diorite":5,"minecraft:wall_torch":2,"minecraft:large_fern":7,"minecraft:seagrass":2,"minecraft:tall_seagrass":1,"minecraft:coarse_dirt":2,"minecraft:furnace":2,"minecraft:spruce_log":2,"minecraft:grass":74,"minecraft:oak_log":4,"minecraft:coal_ore":15,"minecraft:gravel":13,"minecraft:dirt":32,"minecraft:stone":18,"minecraft:oak_leaves":7}},"DataVersion":3465}