{"stats":{"minecraft:broken":{"minecraft:stone_axe":1},"minecraft:picked_up":{"minecraft:crafting_table":2,"minecraft:stone_brick_wall":1,"minecraft:oak_log":114,"minecraft:gunpowder":1,"minecraft:dirt":15,"minecraft:red_bed":1,"minecraft:polished_granite":3,"minecraft:beetroot":1,"minecraft:apple":5,"minecraft:wheat_seeds":2,"minecraft:calcite":1,"fishofthieves:earthworms":3,"geodes:emerald_crystal_block":2,"minecraft:oak_planks":1,"minecraft:tipped_arrow":1,"minecraft:stripped_crimson_hyphae":1,"minecraft:stick":39,"minecraft:spruce_sapling":10,"minecraft:granite_slab":6,"minecraft:spruce_log":73,"minecraft:dark_prismarine":42,"minecraft:dark_oak_planks":3,"minecraft:arrow":4,"minecraft:rotten_flesh":6,"minecraft:granite":20,"minecraft:emerald":23,"minecraft:terracotta":5,"minecraft:oak_sapling":35,"minecraft:dark_oak_fence":1,"minecraft:bricks":3,"minecraft:andesite_slab":5,"minecraft:cobblestone":13},"minecraft:killed_by":{"minecraft:spider":1,"minecraft:zombie":1},"minecraft:crafted":{"minecraft:oak_planks":456,"minecraft:crafting_table":2,"minecraft:spruce_planks":292,"minecraft:wooden_pickaxe":1,"minecraft:iron_sword":1,"minecraft:stone_axe":1,"minecraft:iron_axe":1,"minecraft:stick":28,"minecraft:wooden_axe":1,"minecraft:iron_pickaxe":1,"minecraft:stone_pickaxe":1,"minecraft:stone_sword":1},"minecraft:custom":{"minecraft:mob_kills":12,"minecraft:interact_with_crafting_table":8,"minecraft:open_barrel":13,"minecraft:leave_game":3,"minecraft:time_since_death":19211,"minecraft:climb_one_cm":3517,"minecraft:time_since_rest":19235,"minecraft:sprint_one_cm":90379,"minecraft:damage_taken":4088,"minecraft:walk_one_cm":138812,"minecraft:damage_blocked_by_shield":430,"minecraft:drop":40,"minecraft:damage_dealt":2774,"minecraft:fly_one_cm":83624,"minecraft:open_chest":18,"minecraft:crouch_one_cm":12916,"minecraft:play_time":102218,"minecraft:deaths":4,"minecraft:sneak_time":3544,"minecraft:jump":1211,"minecraft:walk_on_water_one_cm":799,"minecraft:total_world_time":102218,"minecraft:fall_one_cm":62487},"minecraft:dropped":{"minecraft:wheat_seeds":2,"minecraft:stone_sword":1,"minecraft:andesite_slab":1,"minecraft:beetroot":1,"minecraft:rotten_flesh":12,"supplementaries:flax_seeds":1,"minecraft:gunpowder":5,"fishofthieves:earthworms":2,"minecraft:dark_oak_fence":1,"geodes:emerald_crystal_block":2,"minecraft:melon_seeds":3,"minecraft:rose_bush":1,"minecraft:oak_sapling":35,"minecraft:wooden_sword":1,"minecraft:phantom_membrane":1,"minecraft:arrow":2,"minecraft:blue_orchid":1,"minecraft:stone_pickaxe":1},"minecraft:used":{"minecraft:calcite":1,"minecraft:stone_sword":61,"minecraft:stone_pickaxe":105,"minecraft:oak_planks":373,"minecraft:andesite_slab":4,"minecraft:spruce_planks":95,"minecraft:wooden_pickaxe":20,"minecraft:shield":15,"minecraft:iron_sword":6,"fishofthieves:earthworms":1,"minecraft:dirt":15,"minecraft:terracotta":5,"minecraft:crafting_table":2,"minecraft:stone_brick_wall":1,"minecraft:granite":20,"minecraft:dark_oak_planks":3,"minecraft:dark_prismarine":42,"minecraft:wooden_axe":30,"minecraft:apple":5,"minecraft:bricks":3,"minecraft:iron_axe":47,"minecraft:bread":24,"minecraft:polished_granite":3,"minecraft:stone_axe":151,"minecraft:granite_slab":6,"minecraft:wooden_sword":7,"minecraft:cobblestone":5,"travelersbackpack:standard":1,"minecraft:stripped_crimson_hyphae":1},"minecraft:killed":{"minecraft:husk":1,"minecraft:creeper":1,"minecraft:skeleton":3,"tinyskeletons:baby_skeleton":1,"minecraft:zombie":5,"minecraft:stray":1},"minecraft:mined":{"minecraft:dark_oak_planks":3,"minecraft:dark_prismarine":42,"minecraft:acacia_leaves":5,"geodes:emerald_cluster":4,"minecraft:red_bed":1,"minecraft:polished_granite":3,"geodes:medium_emerald_bud":6,"minecraft:crafting_table":2,"minecraft:granite":22,"minecraft:dark_oak_fence":2,"minecraft:stripped_crimson_hyphae":1,"geodes:large_emerald_bud":1,"minecraft:calcite":1,"minecraft:grass_block":4,"minecraft:stone_brick_wall":1,"minecraft:andesite_slab":3,"minecraft:oak_planks":1,"minecraft:bricks":3,"minecraft:large_fern":3,"minecraft:spruce_log":78,"minecraft:birch_leaves":9,"minecraft:granite_slab":4,"minecraft:grass":23,"minecraft:oak_log":118,"minecraft:dirt":12,"geodes:emerald_crystal_block":2,"minecraft:terracotta":5,"minecraft:stone":13,"minecraft:oak_leaves":3}},"DataVersion":3465}