{"stats":{"minecraft:crafted":{"minecraft:oak_planks":196,"minecraft:wooden_shovel":2,"minecraft:crafting_table":1,"minecraft:stick":16,"minecraft:wooden_pickaxe":1,"minecraft:wooden_axe":3,"minecraft:birch_planks":48},"minecraft:used":{"minecraft:wooden_axe":138,"minecraft:bread":7,"minecraft:wooden_pickaxe":17,"minecraft:wooden_shovel":123,"minecraft:gravel":9,"minecraft:wooden_sword":23,"minecraft:dirt":158,"minecraft:crafting_table":5},"minecraft:dropped":{"minecraft:wheat_seeds":3,"fishofthieves:earthworms":23,"minecraft:coarse_dirt":1,"minecraft:birch_sapling":3,"minecraft:oak_sapling":51,"minecraft:rotten_flesh":13},"minecraft:custom":{"minecraft:time_since_rest":76121,"minecraft:sprint_one_cm":67128,"minecraft:damage_taken":729,"minecraft:walk_one_cm":82284,"minecraft:mob_kills":4,"minecraft:drop":18,"minecraft:damage_dealt":739,"minecraft:interact_with_crafting_table":8,"minecraft:fly_one_cm":28677,"minecraft:open_chest":2,"minecraft:crouch_one_cm":4773,"minecraft:play_time":85858,"minecraft:deaths":2,"minecraft:sneak_time":2018,"minecraft:jump":369,"minecraft:leave_game":2,"minecraft:walk_on_water_one_cm":2359,"minecraft:time_since_death":73364,"minecraft:total_world_time":85858,"minecraft:fall_one_cm":5726},"minecraft:killed":{"minecraft:skeleton":1,"minecraft:zombie":3},"minecraft:broken":{"minecraft:wooden_axe":2,"minecraft:wooden_shovel":2},"minecraft:mined":{"minecraft:birch_log":40,"minecraft:birch_leaves":1,"minecraft:crafting_table":5,"minecraft:grass":16,"minecraft:grass_block":111,"minecraft:oak_log":79,"minecraft:gravel":5,"minecraft:dirt":56,"minecraft:oak_leaves":2},"minecraft:picked_up":{"minecraft:birch_log":37,"minecraft:coarse_dirt":1,"minecraft:crafting_table":5,"minecraft:stick":22,"minecraft:gravel":9,"minecraft:flint":1,"minecraft:oak_log":77,"minecraft:dirt":174,"minecraft:arrow":1,"minecraft:rotten_flesh":13,"minecraft:apple":8,"minecraft:wheat_seeds":5,"fishofthieves:earthworms":23,"minecraft:oak_sapling":51,"minecraft:birch_sapling":3},"minecraft:killed_by":{"minecraft:zombie":2}},"DataVersion":3465}